lake,ecotype,group,id,sex,group.loc.sex,mass,length,ventricle.mg,liver.g,per.red.muscle,WMprotein20x,COX.wm,COX.wm.prot,CS.wm,CS.wm.prot,MDH.wm,MDH.wm.prot,CPK.wm,CPK.wm.prot,PGI.wm,PGI.wm.prot,PFK.wm,PFK.wm.prot,TPI.wm,TPI.wm.prot,PK.wm,PK.wm.prot,LDH.wm,LDH.wm.prot,WMprotein10x,ActiveGPase,ActiveGPase.protein,TotalGPase,TotalGPase.protein,ActiveGSase,ActiveGSase.protein,TotalGSase,TotalGSase.protein,GPDH,GPDH.protein,ProteinLiv.20x,COX.liv,COX.liv.prot,HOAD.liv,HOAD.liv.prot,CS.liv,CS.liv.prot,MDH.liv,MDH.liv.prot,CPK.liv,CPK.liv.prot,PGI.liv,PGI.liv.prot,PFK.liv,PFK.liv.prot,TPI.liv,TPI.liv.prot,ADL.liv,ADL.liv.prot,GAPDH.liv,GAPDH.liv.prot,PK.liv,PK.liv.prot,LDH.liv,LDH.liv.prot,Notes.SampleQuality,Notes.EcotypeClassification,Notes.other,Labels.Notes
cliff,dwarf,cd,CD1,F,cd-female,152.2,25,,1.37,3.794,102.96,1.25,0.012140637,1.019117647,0.00989819,19.1607717,0.186099181,1003.247588,9.744051943,188.3601286,1.829449578,38.70042872,0.37587829,2913.086817,28.293384,273.4047874,2.655446653,200.0604502,1.943089066,76.19,3.15,0.041344008,17.62,0.231263945,0.15,0.001968762,2.77,0.036356477,11.53,0.151332196,155.96,5.17,0.033149526,1.2,0.0077,3.16,0.0203,105.09,0.674,236.42,1.52,38.36,0.2459,1.15,0.0073,406.14,2.6,4.68,0.03,14.11,0.09,1.76,0.0113,16.46,0.105542768,,,,"#WMprotein20x - protein per gram tissue in 20x homogenates. These homogenates were used to measure all liver enzymes and white muscle COX, CS, MDH, CPK, PGI, PFK, TPI, ALD, GAPDH, PK, LDH "
cliff,dwarf,cd,CD10,F,cd-female,133.1,24.6,100,1.25,2.722,111.88,1.14,0.010189489,2.048529412,0.018310059,18.93344051,0.169229894,1288.006431,11.51239213,216.505895,1.935161736,27.49624866,0.24576554,3041.907824,27.18902238,279.6913183,2.499922402,185.8263666,1.66094357,99.82,3.19,0.031957524,18.89,0.189240633,0.1,0.001001803,1.95,0.019535163,19.11,0.1914446,125.64,6.1,0.048551417,1.81,0.0144,3.44,0.0274,75.64,0.602,206.54,1.64,30.98,0.2465,1.18,0.0094,524.21,4.17,4.84,0.0385,15.52,0.124,2.03,0.0161,15.92,0.126728641,,,,"#WMprotein10x - protein per gram tissue in 10x homogenates. These homogenates were used to measure GPase, GSase, and GPDH in white muscle."
cliff,dwarf,cd,CD11,M,cd-male,147.3,24.7,100,1.37,4.004,,,,,,,,,,,,,,,,,,,,,,,,,,,,,,,,,,,,,,,,,,,,,,,,,,,,,,,,,,,# EnzymeAbbreviation.wm - activity per gram tissue in white muscle
cliff,dwarf,cd,CD12,M,cd-male,117.5,22.4,80,0.76,2.097,146.8,1.87,0.01273842,1.780882353,0.012131351,16.07989282,0.109536055,1305.056806,8.890032738,221.2690247,1.507282185,16.58435155,0.112972422,3918.756699,26.69452792,322.6295105,2.197748709,204.3729904,1.392186583,,,,,,,,,,,,153.76,7.9,0.051378772,1.59,0.0104,3.96,0.0258,102.85,0.669,259.71,1.69,27.82,0.1809,0.96,0.0062,568.49,3.7,6.36,0.0413,15.55,0.101,1.22,0.0079,13.85,0.090057667,Freshly dead when sampled,,,# EnzymeAbbreviation.liv - activity per gram tissue in liver
cliff,dwarf,cd,CD13,M,cd-male,151.8,24.3,110,1.03,4.357,107.72,1.01,0.00937616,1.588382353,0.014745473,19.19517685,0.178195106,1085.889603,10.08066843,494.7106109,4.592560443,33.77491961,0.313543628,3702.250804,34.36920538,324.645945,3.013794514,261.4623794,2.427240804,103.34,2.47,0.023901684,16.06,0.155409328,0.16,0.001548287,1.97,0.019063286,17.62,0.170505129,182.92,7.16,0.039142795,1.34,0.0073,4.42,0.0242,138.82,0.759,1109.15,6.06,40.1,0.2192,1.2,0.0066,605.11,3.31,8.05,0.044,15.98,0.087,3.54,0.0193,23.93,0.130804112,Freshly dead when sampled,,,# EnzymeAbbreviation.wm.prot - activity per mg protein in white muscle
cliff,dwarf,cd,CD14,M,cd-male,111.9,22.1,70,0.74,2.775,147.84,2.27,0.015354437,1.544117647,0.010444519,24.04297964,0.16262838,987.6473741,6.680515247,191.607717,1.296047869,29.37984995,0.19872734,3345.016077,22.62592043,309.5819936,2.094034048,195.4598071,1.322103674,88.12,3.86,0.043803904,15.34,0.174080799,0.29,0.003290967,1.94,0.022015433,14.17,0.16080345,133.4,6.49,0.048650675,,,3.95,0.0296,58.24,0.437,487.78,3.66,30.24,0.2267,1.28,0.0096,276.59,2.07,6.18,0.0463,14.17,0.106,,,9.41,0.07054672,Freshly dead when sampled,,,# EnzymeAbbreviation.liv.prot - activity per mg protein in liver
cliff,dwarf,cd,CD15,F,cd-female,136.2,24.5,90,1.14,4.39,,,,,,,,,,,,,,,,,,,,,,,,,,,,,,,,,,,,,,,,,,,,,,,,,,,,,,,,,,,# ventricle.mg - ventricle mass in milligrams
cliff,dwarf,cd,CD16,F,cd-female,160.4,24.8,,1.2,3.774,78.88,1.11,0.014072008,1.349558824,0.017109011,22.45166131,0.284630595,839.335477,10.64066274,188.3601286,2.387932665,44.01564845,0.558007714,3393.729904,43.02395923,289.4176492,3.669087845,201.7620579,2.55783542,86.42,2.21,0.025572784,15.59,0.180398056,0.07,0.000809998,2.37,0.027424207,13.79,0.159569544,129.96,6.98,0.053708833,1.73,0.0133,3.63,0.028,88.97,0.685,52.73,0.41,36.76,0.2828,2.05,0.0158,695.31,5.35,6.63,0.051,20.88,0.161,1.83,0.0141,22.72,0.174849249,,,,#liver.g - liver mass in grams
cliff,dwarf,cd,CD17,F,cd-female,111.2,21.9,70,0.97,,164.2,2.83,0.017235079,2.913235294,0.017741993,20.13504823,0.122625141,1079.271168,6.572906017,269.5498392,1.641594636,38.52722401,0.234635956,4873.547696,29.68055844,365.8049303,2.227801037,243.9871383,1.485914362,74.86,1.52,0.020304569,15.63,0.208789741,0.09,0.001202244,2.67,0.035666578,15.53,0.207453914,111.44,6.88,0.061737258,1.02,0.0091,3.81,0.0342,81.32,0.73,175.78,1.58,28.81,0.2585,1.35,0.0121,538.42,4.83,7.05,0.0633,18.14,0.163,1.13,0.0102,12.24,0.109845276,,,,# per.red.muscle - percentage red muscle measured in muscle steak
cliff,dwarf,cd,CD18,F,cd-female,119.3,22.6,90,1.44,,150,2.06,0.013733333,2.057794118,0.013718627,8.930868167,0.059539121,1183.858521,7.89239014,239.2390139,1.594926759,22.51661308,0.150110754,3626.473741,24.17649161,350.5156127,2.336770751,241.7363344,1.611575563,,,,,,,,,,,,155.32,6.35,0.040883338,1.6,0.0103,4.22,0.0272,103.62,0.667,219.72,1.41,38.59,0.2484,1.18,0.0076,446.59,2.88,6.71,0.0432,17.57,0.113,0.74,0.0048,17.76,0.114361969,,,,
cliff,dwarf,cd,CD19,M,cd-male,,,,,,129.44,2.59,0.020009271,2.287764706,0.017674326,24.50846731,0.1893423,1237.470525,9.56018638,232.7438371,1.798082796,23.77234727,0.18365534,3399.142551,26.26037199,315.0382279,2.433855284,198.0707395,1.530212759,,,,,,,,,,,,119.84,7.48,0.062416555,2.09,0.0174,4.25,0.0355,81.45,0.68,325.19,2.71,29,0.242,1.13,0.0094,481.03,4.01,5.77,0.0481,16.82,0.14,1.33,0.0111,18.41,0.15358098,,,,
cliff,dwarf,cd,CD2,F,cd-female,149.6,24.7,130,1.4,3.93,133.56,2.06,0.01542378,2.552941176,0.019114564,17.43954984,0.130574647,1219.453376,9.130378676,259.807074,1.945246137,34.85744909,0.26098719,3518.762058,26.34592736,298.3136835,2.233555582,232.1028939,1.737817415,,,,,,,,,,,,176.68,7.83,0.04431741,3.01,0.0171,3.59,0.0203,85.4,0.483,230.71,1.31,33.26,0.1882,1.52,0.0086,301.19,1.7,5.62,0.0318,14.77,0.084,,,13.8,0.078129152,,,,
cliff,dwarf,cd,CD20,F,cd-female,140,24.6,140,1.29,3.654,120.84,1.69,0.013985435,1.806617647,0.014950494,35.93997856,0.297417896,1155.734191,9.564169075,252.6732047,2.090973227,32.80064309,0.271438622,4172.068596,34.52555938,318.7152554,2.637497976,223.5498392,1.849965568,93.51,1.12,0.011977329,20.78,0.222222222,0.2,0.002138809,2.18,0.023313015,28.63,0.306170463,181.64,7.41,0.040794979,1.36,0.0075,2.9,0.0159,53.51,0.295,153.8,0.85,44.63,0.2457,1.38,0.0076,,,4.75,0.0262,14.69,0.081,1.04,0.0057,10.9,0.059984026,,,,
cliff,dwarf,cd,CD21,F,cd-female,114.9,22.4,90,0.7,,,,,,,,,,,,,,,,,,,,,,,,,,,,,,,,,,,,,,,,,,,,,,,,,,,,,,,,,,,,
cliff,dwarf,cd,CD22,F,cd-female,164.4,24.7,120,1.2,,,,,,,,,,,,,,,,,,,,,,,,,,,,,,,,,,,,,,,,,,,,,,,,,,,,,,,,,,,,
cliff,dwarf,cd,CD23,F,cd-female,104.5,21.4,90,0.9,4.083,,,,,,,,,,,,,,,,,,,,,,,,,,,,,,,,,,,,,,,,,,,,,,,,,,,,,,,,,,,
cliff,dwarf,cd,CD3,F,cd-female,148.1,24.8,100,1.49,4.168,130.68,2.14,0.01637588,2.623970588,0.020079359,31.60986066,0.241887517,1192.207931,9.123109359,297.0460879,2.27307995,30.26752412,0.231615581,7556.055734,57.82105704,407.2011433,3.116017319,213.3762058,1.632814553,89.54,0.1,0.001116819,15.96,0.17824436,0,0,2.29,0.025575162,17.53,0.195778423,100.28,6.28,0.062624651,0.92,0.0092,3.66,0.0365,58.02,0.579,184.57,1.84,33.91,0.3381,1.86,0.0185,486.5,4.85,6.4,0.0639,15.55,0.155,1.98,0.0198,10.16,0.101291945,,,,
cliff,dwarf,cd,CD4,F,cd-female,129.3,25,100,1.35,3.243,144.6,1.77,0.012240664,1.549264706,0.01071414,25.26623794,0.174731936,1240.107181,8.576121584,218.454448,1.510749986,29.73491961,0.205635682,4005.359057,27.69957854,295.3483387,2.042519631,198.9710611,1.376010104,81.48,5.73,0.070324006,16.32,0.200294551,0.08,0.000981836,2.09,0.025650466,10.61,0.130216004,138.88,7.09,0.051051267,1.69,0.0122,3.82,0.0275,90.52,0.652,214.89,1.55,34.07,0.2453,1.26,0.0091,420.9,3.03,4.01,0.0289,18.4,0.132,1.52,0.0109,15.28,0.110021189,,,,
cliff,dwarf,cd,CD5,M,cd-male,96.3,20.8,100,0.86,3.067,131.16,2.58,0.019670631,2.882352941,0.021975853,35.50696677,0.270714904,982.4619507,7.490560771,168.8745981,1.287546494,21.75884244,0.165895414,3366.666667,25.66839484,341.607717,2.604511414,238.585209,1.81903941,101.68,0.22,0.002163651,16.61,0.163355625,0.25,0.002458694,1.9,0.018686074,12.07,0.118705744,182.72,9.63,0.05270359,1.46,0.008,4.79,0.0262,121.42,0.665,665.76,3.64,32.78,0.1794,1.11,0.0061,437.3,2.39,6.1,0.0334,17.71,0.097,1.89,0.0103,16.56,0.090632057,,,,
cliff,dwarf,cd,CD6,M,cd-male,141,24.3,90,0.93,3.579,131.08,1.99,0.015181569,2.007352941,0.015313953,23.3988746,0.178508351,1318.327974,10.05743038,184.0300107,1.403951867,20.45980707,0.156086413,3236.76313,24.69303578,279.5845659,2.132930774,184.7909968,1.409757376,,,,,,,,,,,,144.76,7.16,0.049461177,2.44,0.0169,4.55,0.0314,94.56,0.653,224.12,1.55,32.29,0.2231,1.18,0.0081,563.02,3.89,5.48,0.0378,17.13,0.118,1.79,0.0124,19.49,0.134639083,,,,
cliff,dwarf,cd,CD7,M,cd-male,153.4,24.9,90,1.1,3.237,78,1.43,0.018333333,1.675367647,0.021479072,23.22025723,0.297695606,931.6184352,11.94382609,185.1125402,2.373237695,28.14576635,0.360843158,3253.217578,41.70791767,321.4433726,4.121068879,217.8778135,2.793305301,110.8,5.95,0.053700361,17.22,0.155415162,0.03,0.000270758,1.62,0.014620939,16.9,0.152527076,173.88,5.92,0.034046469,1.71,0.0099,4.07,0.0234,128.72,0.74,216.21,1.24,41.75,0.2401,1.39,0.008,556.46,3.2,7.23,0.0416,16.56,0.095,1.7,0.0098,23.19,0.133360628,,,,
cliff,dwarf,cd,CD8,F,cd-female,105.3,21,80,0.92,4.601,102.68,1.83,0.017822361,1.945588235,0.018948074,21.32797428,0.207713033,963.8478028,9.38690887,423.2690247,4.122214888,35.39871383,0.344747895,3291.972133,32.06049993,328.5602001,3.199846125,217.8778135,2.121910922,113.67,4.57,0.0402041,14.8,0.13020146,0.05,0.00043987,1.81,0.015923287,16.05,0.141198205,220.32,11.25,0.051062092,2.4,0.0109,4.6,0.0209,81.88,0.372,374.41,1.7,35.85,0.1627,1.23,0.0056,,,6.88,0.0312,18.43,0.084,1.33,0.006,12.68,0.057531051,,,,
cliff,dwarf,cd,CD9,F,cd-female,114.7,21.8,70,0.92,3.871,122.96,2.45,0.019925179,2.083529412,0.016944774,29.44480171,0.239466507,1670.321543,13.58426759,262.9464094,2.138471124,33.10375134,0.269223742,7848.338692,63.82838884,359.3997856,2.922900013,194.829582,1.584495625,54.98,5.33,0.096944343,18.13,0.329756275,0.01,0.000181884,1.92,0.03492179,25.16,0.457620953,133.24,9.1,0.068297808,,,5.13,0.0385,91.29,0.685,212.29,1.59,37.29,0.2799,1.12,0.0084,312.12,2.34,8.09,0.0607,18.23,0.137,,,13.65,0.102428613,,,,
cliff,normal,cn,CN1,F,cn-female,181,24.8,120,1.29,,115.56,1.906140351,0.016494811,1.780882353,0.015410889,22.77642015,0.197096055,1225.605573,10.60579416,186.1950697,1.611241517,25.61264737,0.221639385,3701.168274,32.02810898,270.4394427,2.340251321,178.2636656,1.542607006,46.96,1.89,0.040247019,17.84,0.379897785,0.01,0.000212947,1.38,0.029386712,20.84,0.443781942,121.08,6.63,0.054757185,3.36,0.0278,3.44,0.0284,74.78,0.618,332.22,2.74,38.72,0.3198,1.63,0.0134,541.7,4.47,5.16,0.0426,16.41,0.136,2.26,0.0187,18.65,0.154001447,,May be a hybrid,,
cliff,normal,cn,CN10,F,cn-female,369.1,32.5,220,2.52,2.927,158.8,2.02,0.012720403,1.554411765,0.009788487,11.59389068,0.073009387,1094.651661,6.893272424,245.7341908,1.547444526,18.1323687,0.114183682,4057.428725,25.55055872,299.14398,1.883778212,208.8745981,1.315331222,,,,,,,,,,,,293.8,7.99,0.027195371,1.72,0.0059,4.35,0.0148,53.72,0.183,509.75,1.74,42.19,0.1436,1.36,0.0046,,,5.66,0.0193,15.84,0.054,1.74,0.0059,9.75,0.033184199,,,,
cliff,normal,cn,CN11,M,cn-male,414.5,33.8,260,2.91,2.929,110.6,1.36,0.012296564,1.559558824,0.014100894,18.86848875,0.170601164,1075.755627,9.72654274,214.340836,1.937982242,13.1960343,0.119313149,3097.116827,28.00286462,252.6473741,2.284334305,140.0990354,1.266718222,,,,,,,,,,,,147.32,5.61,0.038080369,,,4.21,0.0286,53.85,0.366,338.37,2.3,38.15,0.259,1.45,0.0098,432.93,2.94,5.95,0.0404,14.97,0.102,,,13.28,0.090163985,,,,
cliff,normal,cn,CN12,F,cn-female,394.1,33.3,210,2.68,3.214,115.04,1.81,0.015733658,1.374264706,0.011945973,25.22293676,0.219253623,1112.229368,9.668196871,214.340836,1.863185292,19.64790997,0.170791985,3539.871383,30.7707874,290.6037871,2.526110806,179.1639871,1.557406007,,,,,,,,,,,,152.84,7.44,0.048678356,1.12,0.0073,3.11,0.0203,45.56,0.298,304.09,1.99,46.13,0.3018,1.15,0.0075,627.52,4.11,4.64,0.0303,15.49,0.101,2.56,0.0167,15.19,0.099404122,,,,
cliff,normal,cn,CN13,F,cn-female,361.1,32.1,190,2.67,4.087,107.52,1.54,0.014322917,1.257941176,0.011699602,23.42160772,0.217834893,1048.510182,9.751768806,198.1028939,1.842474832,25.23376206,0.234689007,3505.230439,32.60072953,269.3719185,2.505319182,185.4662379,1.724946409,,,,,,,,,,,,141.64,7.76,0.054786783,1.49,0.0105,3.21,0.0226,95.93,0.677,189.84,1.34,35.85,0.2531,1.59,0.0112,585.98,4.14,6.53,0.0461,10.37,0.073,1.95,0.0138,16.08,0.113516355,,,,
cliff,normal,cn,CN14,F,cn-female,429.5,33.7,190,3.07,3.669,102.24,1.45,0.014182316,1.142647059,0.011176125,23.05787781,0.225526974,1004.126474,9.821268329,231.6613076,2.26585786,23.62187567,0.231043385,3367.749196,32.93964394,269.7277599,2.638182315,209.7749196,2.05178912,95.78,2.61,0.027249948,15.99,0.166945082,0.22,0.00229693,1.26,0.013155147,9.57,0.099916475,133.8,9.06,0.067713004,1.44,0.0108,4.48,0.0335,99.71,0.745,303.22,2.27,45.44,0.3396,1.3,0.0097,,,6.65,0.0497,18.1,0.135,1.67,0.0125,10.26,0.076694591,,,,
cliff,normal,cn,CN15,F,cn-female,439.4,34.2,210,3.15,,109.84,1.35,0.012290605,1.688235294,0.01536995,29.51446945,0.268704201,1098.054662,9.996855991,443.8370847,4.040760057,11.82122186,0.107622195,4133.097535,37.62834609,288.350125,2.625183221,186.6366559,1.699168389,54.22,5.44,0.100331981,12,0.221320546,0.14,0.002582073,1.8,0.033198082,17.22,0.317594983,106.64,7.26,0.06807952,2.63,0.0246,4.59,0.0431,42.12,0.395,257.07,2.41,40.46,0.3794,1.32,0.0124,329.61,3.09,5.84,0.0547,13.82,0.13,,,13.11,0.122930652,Freshly dead when sampled,,,
cliff,normal,cn,CN2,F,cn-female,167.4,25.2,100,1.37,2.483,142.24,1.22,0.008577053,1.379411765,0.009697777,22.62486602,0.159061207,1056.859593,7.430115249,209.4694534,1.472648013,39.94533762,0.280830551,3445.691318,24.22448902,276.3819936,1.943068009,220.5787781,1.55075069,113.5,1.45,0.01277533,16.97,0.149515419,0.13,0.001145374,2.09,0.018414097,21.42,0.188722467,,,,,,,,,,,,,,,,,,,,,,,,,,parasites in heart,,,
cliff,normal,cn,CN3,M,cn-male,438.4,34.5,240,2.99,2.31,77.6,1.61,0.020747423,1.317647059,0.016979988,22.30010718,0.287372515,1120.139335,14.43478524,208.278671,2.684003492,18.40300107,0.237152076,3337.438371,43.00822643,252.8846016,3.258822186,191.4983923,2.467762787,105.12,3.77,0.035863775,14.98,0.142503805,0.12,0.001141553,1.92,0.01826484,20.08,0.191019787,140.76,5.925,0.042638368,1.63,0.01185,3.515,0.02555,103.86,0.7375,219.72,1.59,42.045,0.3021,1.605,0.0114,569.855,4.125,6.8,0.04895,15.625,0.1135,2.025,0.01475,21.075,0.151868582,abnormally large spleen,,,
cliff,normal,cn,CN4,F,cn-female,437.9,34.8,230,3.65,2.378,67.88,1.33,0.0195934,1.367470588,0.020145412,26.63022508,0.392313275,1202.315113,17.71236171,194.6387996,2.867395398,13.53161844,0.199346176,3713.076099,54.70059073,263.9631297,3.888673095,131.7170418,1.940439626,51.2,0.36,0.00703125,14.11,0.275585938,0.05,0.000976563,1.54,0.030078125,18,0.3515625,,,,,,,,,,,,,,,,,,,,,,,,,,,,,
cliff,normal,cn,CN5,M,cn-male,467.3,34.1,220,3.62,2.807,131.68,1.52,0.011543135,1.636764706,0.012429866,28.25401929,0.21456576,1168.961415,8.877288996,209.7942122,1.593212426,25.31711683,0.19226243,3453.269025,26.22470402,262.9193283,1.996653465,187.266881,1.422136095,,,,,,,,,,,,122.08,7.37,0.060370249,1.19,0.0097,4.22,0.0346,102.29,0.838,255.76,2.09,43.54,0.3566,1.81,0.0148,,,5.14,0.0421,13.75,0.113,1.73,0.0142,10.24,0.083915244,,,,
cliff,normal,cn,CN6,M,cn-male,439.3,35.4,270,2.93,2.745,94.96,0.89,0.009372367,1.389705882,0.014634645,23.51463023,0.247626687,959.7427653,10.10681092,438.7352626,4.620211274,17.3096463,0.182283554,3485.744909,36.70750747,220.6216506,2.323311401,171.6012862,1.807090209,65.16,3.19,0.048956415,14.52,0.222836096,0,0,1.73,0.026550031,16.29,0.25,139.96,7.16,0.051157474,1.78,0.0127,2.47,0.0177,46.46,0.332,257.07,1.84,37.29,0.2664,1.71,0.0122,664.15,4.75,6.51,0.0465,15.12,0.108,2.63,0.0188,17.67,0.12623037,Freshly dead when sampled,,,
cliff,normal,cn,CN7,M,cn-male,376.2,32.3,180,2.8,3.345,102.72,1.68,0.01635514,1.482352941,0.014431006,23.27438371,0.226580838,944.1425509,9.191418915,204.4356913,1.990222851,18.68445874,0.181896989,3106.859593,30.24590725,317.8849589,3.094674444,193.0289389,1.879175807,78.09,1.99,0.025483417,14.94,0.19131771,0,0,2.03,0.025995646,15.27,0.195543604,132.84,6.17,0.046446853,1.72,0.0129,4.74,0.0357,58.02,0.437,166.99,1.26,33.84,0.2547,1.29,0.0097,729.74,5.49,4.57,0.0344,14.02,0.106,2.48,0.0187,15.11,0.113716571,,,,
cliff,normal,cn,CN8,M,cn-male,356.8,33,210,1.87,2.747,121.84,1.32,0.01083388,1.636764706,0.013433722,22.31093248,0.183116649,993.1404073,8.151185221,138.5637728,1.137260118,10.83612004,0.088937295,3050.56806,25.03749228,192.1543408,1.577103913,128.0707395,1.051138702,73.62,6.67,0.09060038,14.07,0.191116544,0.06,0.000814996,1.71,0.023227384,17.62,0.239337137,,,,,,,,,,,,,,,,,,,,,,,,,,abnormally large spleen,,,
cliff,normal,cn,CN9,M,cn-male,442.6,34.3,270,3.51,3.799,127.24,1.84,0.014460861,1.483382353,0.011658145,29.33654877,0.230560742,1293.279743,10.16409732,241.4040729,1.897234147,11.77792069,0.092564608,3894.94105,30.61097964,294.8501608,2.317275706,179.3440514,1.409494274,,,,,,,,,,,,,,,,,,,,,,,,,,,,,,,,,,,,,,,,
east,dwarf,ed,ED1,M,ed-male,41.1,16.9,20,0.19,5.172,,,,,,,,,,,,,,,,,,,,,,,,,,,,,,,,,,,,,,,,,,,,,,,,,,,,,,,,,,,
east,dwarf,ed,ED10,M,ed-male,34.6,16.7,30,0.22,4.322,109.56,2.09,0.019076305,1.811764706,0.016536735,16.19464094,0.14781527,1148.263666,10.48068333,145.0589496,1.324013779,20.18917471,0.184275052,1883.601286,17.19241773,200.4573062,1.829657778,113.8096463,1.038788301,82.72,5.58,0.06745648,11.06,0.133704062,0,0,1.69,0.020430368,12.73,0.15389265,143.72,7.09,0.049332035,1.64,0.0114,3.54,0.0246,134.14,0.933,326.07,2.27,35.85,0.2495,1.56,0.0109,568.49,3.96,7.73,0.0538,15.43,0.107,2.01,0.014,19.14,0.133197097,near death when sampled,,,
east,dwarf,ed,ED11,M,ed-male,68.1,20.3,50,0.45,4.076,74.64,1.18,0.015809218,1.467735294,0.019664192,20.68167203,0.277085638,1301.125402,17.43201235,305.4335477,4.092089331,16.96323687,0.227267375,4142.8403,55.50429126,235.685602,3.157631324,160.2572347,2.147069061,74.46,5.11,0.068627451,11.82,0.158742949,0,0,2.03,0.02726296,13.32,0.178887994,120.16,5.43,0.045189747,0.82,0.0068,2.57,0.0214,51.83,0.431,254.44,2.12,39.31,0.3271,1.53,0.0127,677.81,5.64,7.52,0.0625,17.18,0.143,2.21,0.0184,17.88,0.14876467,,,,
east,dwarf,ed,ED12,M,ed-male,34.4,15.8,20,0.18,3.348,,,,,,,,,,,,,,,,,,,,,,,,,,,,,,,,,,,,,,,,,,,,,,,,,,,,,,,,,,,
east,dwarf,ed,ED13,M,ed-male,80.3,20.8,60,0.46,2.037,139.04,1.59,0.011435558,1.602794118,0.011527576,22.58156484,0.162410564,1511.243301,10.86912616,179.5916399,1.291654487,18.87931404,0.135783329,6052.530547,43.53085836,245.5305466,1.765898638,133.2475884,0.958339963,95.26,8.38,0.087969767,15.63,0.164077262,0,0,2.05,0.02152005,21.65,0.227272727,138.08,6.59,0.047725956,1.86,0.0135,3.06,0.0222,68.68,0.497,395.5,2.86,30.13,0.2182,1.23,0.0089,705.14,5.11,4.07,0.0295,16.96,0.123,2.57,0.0186,17.1,0.12386221,,,,
east,dwarf,ed,ED14,M,ed-male,13.3,12,10,0.09,3.232,,,,,,,,,,,,,,,,,,,,,,,,,,,,,,,,,,,,,,,,,,,,,,,,,,,,,,,,,,,
east,dwarf,ed,ED15,F,ed-female,53,18.6,20,0.34,,156.6,2.06,0.013154534,1.935294118,0.0123582,18.02628081,0.11511035,921.335477,5.883368308,168.8745981,1.078381852,17.21221865,0.109911996,3347.397642,21.37546387,263.9963416,1.685800393,195.8199357,1.250446588,76.92,5.22,0.067862715,13.74,0.178627145,0.29,0.003770151,2.03,0.026391056,15.89,0.206578263,,,,,,,,,,,,,,,,,,,,,,,,,,,,,
east,dwarf,ed,ED16,M,ed-male,18.3,13.5,10,0.11,4.167,70.76,2.35,0.033210854,1.884852941,0.026637266,18.09989282,0.255792719,1186.495177,16.76787983,140.187567,1.981169686,23.05787781,0.325860342,4714.415863,66.62543616,241.6162915,3.414588631,159.3569132,2.252076218,71.48,6.24,0.087297146,13.16,0.184107443,0,0,1.72,0.024062675,6.85,0.095831002,142,12.8,0.090140845,2.53,0.0179,3.46,0.0244,79.64,0.561,874.93,6.16,37.43,0.2636,1.58,0.0111,653.76,4.6,7.37,0.0519,16.93,0.119,2.57,0.0181,18.59,0.130897604,,,,
east,dwarf,ed,ED17,M,ed-male,54.9,18.6,40,0.4,3.981,,,,,,,,,,,,,,,,,,,,,,,,,,,,,,,,,,,,,,,,,,,,,,,,,,,,,,,,,,,
east,dwarf,ed,ED18,F,ed-female,49.5,17.7,30,0.26,4.572,112.2,2.06,0.018360071,1.637794118,0.014597096,15.52022508,0.138326427,1267.792069,11.29939455,204.5980707,1.823512217,23.01241158,0.205101707,3298.46731,29.39810437,295.3483387,2.632338135,195.3697749,1.741263591,,,,,,,,,,,,158.84,6.95,0.043754722,1.61,0.0102,3.15,0.0198,71.19,0.448,424.06,2.67,34.55,0.2175,1.24,0.0078,663.05,4.17,6.18,0.0389,15.53,0.098,2.88,0.0181,16.1,0.101333543,,,,
east,dwarf,ed,ED19,M,ed-male,43.8,17.1,20,,4.1,,,,,,,,,,,,,,,,,,,,,,,,,,,,,,,,,,,,,,,,,,,,,,,,,,,,,,,,,,,
east,dwarf,ed,ED2,M,ed-male,52.5,17.6,50,0.31,4.075,,,,,,,,,,,,,,,,,,,,,,,,,,,,,,,,,,,,,,,,,,,,,,,,,,,,,,,,,,,
east,dwarf,ed,ED20,M,ed-male,50.5,18.7,,,,,,,,,,,,,,,,,,,,,,,,,,,,,,,,,,,,,,,,,,,,,,,,,,,,,,,,,,,,,,
east,dwarf,ed,ED21,M,ed-male,44.6,17.4,,,,,,,,,,,,,,,,,,,,,,,,,,,,,,,,,,,,,,,,,,,,,,,,,,,,,,,,,,,,,,
east,dwarf,ed,ED22,M,ed-male,52,17.9,,,,,,,,,,,,,,,,,,,,,,,,,,,,,,,,,,,,,,,,,,,,,,,,,,,,,,,,,,,,,,
east,dwarf,ed,ED23,M,ed-male,46,16.7,,,,,,,,,,,,,,,,,,,,,,,,,,,,,,,,,,,,,,,,,,,,,,,,,,,,,,,,,,,,,,
east,dwarf,ed,ED24,M,ed-male,83.9,21.5,,,,,,,,,,,,,,,,,,,,,,,,,,,,,,,,,,,,,,,,,,,,,,,,,,,,,,,,,,,,,,
east,dwarf,ed,ED25,M,ed-male,,,,,,,,,,,,,,,,,,,,,,,,,,,,,,,,,,,,89.92,5.4,0.060053381,,0,2.72,0.0303,51.79,0.576,740.46,8.23,23.77,0.2644,0.84,0.0093,415.43,4.62,5.18,0.0576,10.09,0.112,3.38,0.0375,13.69,0.152257527,,,,
east,dwarf,ed,ED26,F,ed-female,25,15.8,,0.14,,,,,,,,,,,,,,,,,,,,,,,,,,,,,,,,139.12,8.39,0.060307648,1.29,0.0093,4.14,0.0298,116.52,0.838,313.32,2.25,34.99,0.2515,1.54,0.0111,506.72,3.64,3.9,0.028,16.59,0.119,2.69,0.0193,16.06,0.115447766,,,,
east,dwarf,ed,ED27,M,ed-male,58.9,18.7,30,0.46,,125.56,1.67,0.013300414,1.811764706,0.014429474,21.28252947,0.169500872,1288.885316,10.2650949,207.8456592,1.655349309,18.83601286,0.150016031,6351.308682,50.58385379,315.5126831,2.512843924,206.1736334,1.64203276,67.54,3.95,0.058483861,14.14,0.209357418,0.12,0.001776725,1.96,0.02901984,12.87,0.190553746,141.2,12.41,0.087889518,1.49,0.0106,2.69,0.019,68.34,0.484,468.89,3.32,34.27,0.2427,1.4,0.0099,581.61,4.12,5.36,0.0379,16.57,0.117,2.33,0.0165,14.27,0.101081224,,,,
east,dwarf,ed,ED28,M,ed-male,41.2,17.4,30,0.22,2.661,146.16,1.44,0.009852217,1.122058824,0.007676921,12.25423365,0.083841226,1248.456592,8.541711768,138.5637728,0.948028002,14.8306538,0.101468622,2078.456592,14.22042003,186.935334,1.278977381,123.3440514,0.843897451,84.92,4.97,0.058525671,11.35,0.133655205,0,0,1.36,0.016015073,11.2,0.131888837,107.84,4.62,0.042841246,0.89,0.0083,2.76,0.0256,105.99,0.983,224.56,2.08,29.66,0.275,1.09,0.0101,346.56,3.21,4.43,0.0411,12.24,0.113,1.8,0.0167,12.61,0.116893433,,,,
east,dwarf,ed,ED29,F,ed-female,106,22.5,60,0.67,4.705,87.76,1.45,0.016522334,1.564705882,0.017829374,18.95819936,0.216023238,960.664523,10.94649639,408.8713826,4.658971999,12.27588424,0.139880176,3353.676313,38.21417859,301.2790282,3.432988015,207.3530547,2.362728518,107.46,8.56,0.079657547,14.8,0.137725665,0.13,0.001209752,1.66,0.015447608,22.73,0.211520566,190.72,7.26,0.038066275,1.48,0.0078,3.9,0.0204,126.75,0.665,475.92,2.5,29.59,0.1551,0.99,0.0052,617.68,3.24,4.65,0.0244,15.02,0.079,2.17,0.0114,14.59,0.07647446,,May be a hybrid,,
east,dwarf,ed,ED3,M,ed-male,14.9,12.4,,0.09,,,,,,,,,,,,,,,,,,,,,,,,,,,,,,,,,,,,,,,,,,,,,,,,,,,,,,,,,,,,
east,dwarf,ed,ED30,F,ed-female,42.8,17.5,20,0.27,,91.08,2.29,0.025142732,1.615147059,0.017733279,17.22845659,0.189157407,942.7802787,10.35112295,175.3697749,1.925447682,23.02540193,0.252804149,3900.353698,42.82338272,257.7714898,2.830165676,192.7588424,2.116368494,,,,,,,,,,,,137.52,9.63,0.070026178,1.83,0.0133,4.3,0.0313,114.41,0.832,426.26,3.1,30.68,0.2231,0.97,0.007,557.56,4.05,4.4,0.032,15.41,0.112,1.63,0.0119,13.89,0.101008401,,,,
east,dwarf,ed,ED31,F,ed-female,56.7,17.7,20,0.34,4.665,138.6,2.35,0.016955267,1.883823529,0.0135918,13.44501608,0.097005888,1135.080386,8.189613175,233.8263666,1.687058922,18.12154341,0.130747066,3552.861736,25.63392306,326.555627,2.356101205,197.0803859,1.421936406,,,,,,,,,,,,122.24,8.46,0.069208115,2.08,0.017,4.15,0.034,115.23,0.943,1328,10.86,33.77,0.2763,1.28,0.0105,814.47,6.66,1.68,0.0138,14.08,0.115,3.76,0.0308,15.03,0.122938271,,,,
east,dwarf,ed,ED32,M,ed-male,45.5,18.9,20,0.28,3.372,,,,,,,,,,,,,,,,,,,,,,,,,,,,,,,,,,,,,,,,,,,,,,,,,,,,,,,,,,,
east,dwarf,ed,ED4,F,ed-female,15,12.6,,0.1,,78.16,1.53,0.01957523,0.936764706,0.011985219,12.83879957,0.164263045,949.1961415,12.14426998,119.0782422,1.523518964,25.51954984,0.326503964,2522.293676,32.27090169,179.2254377,2.293058312,119.814791,1.532942567,54.03,3.63,0.067184897,12.08,0.223579493,0,0,1.49,0.027577272,2.38,0.044049602,,,,,,,,,,,,,,,,,,,,,,,,,,,,,
east,dwarf,ed,ED5,F,ed-female,15.1,12.5,,0.07,3.171,73.48,1.59,0.021638541,1.6975,0.023101524,16.58842444,0.225754279,1013.338692,13.79067354,369.1425509,5.023714628,28.48135048,0.387606838,3160.986066,43.01831881,220.5030368,3.000857877,199.8713826,2.720078696,85.32,7.72,0.090482888,14,0.164088139,0,0,1.9,0.022269105,15.16,0.177684013,,,,,,,,,,,,,,,,,,,,,,,,,,,,,
east,dwarf,ed,ED6,F,ed-female,23.6,15.3,10,0.08,3.939,74.36,1.04,0.013986014,0.967647059,0.013013005,15.32861736,0.206140632,954.0300107,12.8298818,93.09753483,1.251984062,34.96570204,0.470221921,3315.787781,44.59101373,123.3583423,1.658934135,62.1221865,0.835424778,51.52,4.79,0.092973602,8.38,0.16265528,0,0,0.76,0.014751553,5.39,0.104619565,137.44,9.03,0.065701397,1.75,0.0127,2.9,0.0211,66.36,0.483,486.02,3.54,34.41,0.2504,1.43,0.0104,448.23,3.26,4.92,0.0358,13.82,0.101,3.08,0.0224,16.44,0.119638292,,,,
east,dwarf,ed,ED7,F,ed-female,14.9,12.4,,0.1,4.789,105.48,1.73,0.016401214,1.767602941,0.016757707,15.26366559,0.144706727,1164.742765,11.04230911,119.0782422,1.12891773,16.18381565,0.153430182,2402.132905,22.7733495,183.8513755,1.742997492,128.7459807,1.220572437,74.56,5.69,0.076314378,8.67,0.116282189,0,0,1.69,0.022666309,9.73,0.130498927,141.6,10.4,0.073446328,,,5.31,0.0375,88.84,0.627,383.19,2.71,31.82,0.2247,1.88,0.0133,361.86,2.56,7.33,0.0518,15.87,0.112,,,14.64,0.103370756,,,,
east,dwarf,ed,ED8,M,ed-male,13.5,12.1,,0.06,3.769,76.8,1.95,0.025390625,1.535882353,0.019998468,13.49697749,0.175741894,1021.08896,13.29542917,140.7288317,1.832406663,20.76291533,0.27035046,2687.920686,34.99896727,160.0100036,2.083463589,109.0289389,1.419647642,62.6,6.42,0.102555911,12.4,0.198083067,0,0,2.11,0.03370607,6.4,0.102236422,,,,,,,,,,,,,,,,,,,,,,,,,,,,,
east,dwarf,ed,ED9,M,ed-male,32,16,20,0.09,4.071,96.56,1.63,0.016880696,1.688235294,0.017483796,18.07824223,0.18722289,1007.501393,10.43394152,110.4180064,1.143517051,18.51125402,0.19170727,1591.318328,16.48009867,164.873169,1.70746861,108.0385852,1.118875157,69.76,5.73,0.082138761,13.05,0.187069954,0.12,0.001720183,1.72,0.024655963,12.41,0.177895642,201.88,7.62,0.037745195,2.52,0.0125,4.55,0.0226,64.9,0.321,177.97,0.88,44.06,0.2182,1.66,0.0082,,,7.38,0.0365,14.97,0.074,1.63,0.0081,12.15,0.06020577,,,,
east,normal,en,EN1,M,en-male,120.2,23.5,80,0.13,2.057,153.4,2.04,0.013298566,1.719117647,0.011206764,19.38128296,0.126344739,1131.564845,7.376563527,208.9649946,1.362222911,22.14530547,0.144363139,3431.618435,22.37039397,257.3919257,1.677913466,175.6527331,1.145063449,73.46,7.43,0.101143479,13.38,0.18213994,0,0,1.98,0.026953444,18.24,0.248298394,157.44,10.3,0.065421748,1.73,0.011,4.49,0.0285,134.53,0.854,276.41,1.76,40.78,0.259,1.01,0.0064,,,6.44,0.0409,14.95,0.095,1.62,0.0103,11.72,0.074442691,,,,
east,normal,en,EN10,F,en-female,489.4,35.7,260,3.28,4.592,116.16,1.27,0.010933196,1.585294118,0.013647504,28.36227224,0.244165567,1105.637728,9.518231129,190.5251876,1.640196174,26.186388,0.225433781,4141.757771,35.65562819,313.1404073,2.695767969,225.9807074,1.9454262,103.88,0.76,0.007316134,15.92,0.153253754,0,0,2.09,0.020119369,13.53,0.130246438,129.52,6.68,0.051575046,1.52,0.0117,3.93,0.0303,79.51,0.614,552.38,4.26,36.67,0.2831,1.28,0.0099,448.23,3.46,4.45,0.0343,15.84,0.122,2.68,0.0207,14.76,0.113950297,Dead & rigor mortis when sampling (~10 min dead),,,
east,normal,en,EN11,M,en-male,144.2,25,90,0.92,3.49,130.76,1.61,0.012312634,1.61,0.012312634,19.13912111,0.146368317,1120.622722,8.57007282,215.4969775,1.648034395,33.25747053,0.254339787,3453.269025,26.40921555,285.8592354,2.186136704,191.7414791,1.466361877,,,,,,,,,,,,171.6,11.6,0.067599068,2.93,0.0171,4.76,0.0278,89.44,0.521,281.24,1.64,38.3,0.2232,1.06,0.0062,552.09,3.22,6.41,0.0374,14.83,0.086,1.82,0.0106,17.5,0.101994469,,,,
east,normal,en,EN12,M,en-male,247,29,150,2.07,2.964,,,,,,,,,,,,,,,,,,,,,,,,,,,,,,,,,,,,,,,,,,,,,,,,,,,,,,,,,,,
east,normal,en,EN13,M,en-male,340,31.5,180,2.82,2.705,,,,,,,,,,,,,,,,,,,,,,,,,,,,,,,130.44,7.48,0.057344373,2.64,0.0203,4.01,0.0307,71,0.544,494.81,3.79,35.4,0.2714,1.9,0.0146,346.01,2.65,7.16,0.0549,19.32,0.148,,,15.97,0.122464555,,,,
east,normal,en,EN14,M,en-male,170.4,25.4,90,1.44,3.901,128.04,1.93,0.015073415,1.731470588,0.013522888,26.63022508,0.207983639,1146.066452,8.950847017,207.878135,1.623540573,22.71146838,0.177377916,4061.650589,31.72173219,304.1257592,2.375240231,175.562701,1.371155116,94.66,6.96,0.073526305,13.31,0.140608494,0.13,0.001373336,1.9,0.020071836,16.45,0.173779844,132.56,7.65,0.057709716,1.29,0.0097,3.25,0.0245,60.6,0.457,,,36.28,0.2737,1.17,0.0088,553.18,4.17,7.37,0.0556,19.75,0.149,,,17.54,0.13229464,,,,
east,normal,en,EN15,F,en-female,484.6,34.8,240,4.18,4.74,136.52,1.08,0.007910929,1.266176471,0.009274659,25.11961415,0.183999518,1044.005895,7.647274355,481.7256163,3.528608382,45.3471597,0.332164955,3936.07717,28.83150579,316.698821,2.319797986,221.2900322,1.620934897,84.46,0.65,0.007695951,15.7,0.18588681,0.12,0.001420791,2.44,0.028889415,18.51,0.219156997,151.8,5.43,0.035770751,0.8,0.0053,3.85,0.0254,88.02,0.58,1265.16,8.33,46.66,0.3074,1.36,0.009,437.3,2.88,6.08,0.04,16.27,0.107,5.08,0.0335,19.62,0.129252825,,,,
east,normal,en,EN16,M,en-male,152.4,25.5,60,0.87,4.834,,,,,,,,,,,,,,,,,,,,,,,,,,,,,,,,,,,,,,,,,,,,,,,,,,,,,,,,,,,
east,normal,en,EN17,F,en-female,681.7,39.2,380,5.96,3.012,133.12,1.62,0.012169471,1.184852941,0.008900638,25.11468382,0.188661988,972.0471597,7.302036957,205.6806002,1.545076624,29.33654877,0.220376719,3656.784566,27.46983598,314.5637728,2.363009111,190.2379421,1.429071079,,,,,,,,,,,,162.2,4.97,0.030641184,1.57,0.0097,4.07,0.0251,83.38,0.514,586.66,3.62,44.35,0.2734,1.26,0.0078,490.87,3.03,4.8,0.0296,16.99,0.105,2.81,0.0173,17.71,0.109189956,,,,
east,normal,en,EN18,M,en-male,335.5,31,160,2.63,4.912,83.68,1.58,0.018881453,1.513235294,0.018083596,32.69239014,0.390683439,1081.072883,12.91913101,236.8574491,2.830514449,31.45830654,0.375935786,4333.365488,51.78496042,308.3958557,3.685418926,205.2733119,2.453074951,61.44,2.1,0.034179688,18.1,0.294596354,0.29,0.004720052,1.51,0.024576823,22.49,0.366048177,141.8,7.16,0.050493653,0.99,0.007,3.26,0.023,47.71,0.336,507.12,3.58,36.86,0.2599,1.64,0.0116,595.27,4.2,6.36,0.0449,16.64,0.117,3.16,0.0223,19.42,0.136965927,,,,
east,normal,en,EN19,F,en-female,274.2,29.6,170,2.15,2.634,88.44,1.11,0.012550882,1.081911765,0.012233285,28.24340836,0.319351067,779.2926045,8.811540078,502.6423901,5.683428201,26.92250804,0.304415514,3518.220793,39.78087735,244.3444087,2.762826874,195.1897106,2.207029744,54.59,3.66,0.067045246,14.9,0.272943763,0.03,0.000549551,1.67,0.030591683,18.29,0.335043048,172.16,8.18,0.047513941,1.96,0.0114,4,0.0232,49.77,0.289,654.77,3.8,43.19,0.2509,1.29,0.0075,,,5.46,0.0317,16.86,0.098,2.17,0.0126,9.9,0.057487838,,,,
east,normal,en,EN2,M,en-male,80.9,20.5,50,0.56,3.729,85.84,1.35,0.015726934,1.842647059,0.021466065,23.05144695,0.268539689,863.0707395,10.05441216,358.6854234,4.178534755,25.54769561,0.29761994,3295.219721,38.38792778,245.5305466,2.860327896,176.4630225,2.055720206,102.26,4.28,0.041854097,13.42,0.131234109,0.02,0.00019558,2.65,0.025914336,20.13,0.196851164,129.44,6.74,0.052070457,1.86,0.0144,3.4,0.0263,78.57,0.607,284.32,2.2,34.7,0.2681,1.12,0.0087,475.56,3.67,5.62,0.0434,16.8,0.13,2.38,0.0184,13.72,0.105972202,,,,
east,normal,en,EN20,F,en-female,354,32.2,180,2.77,2.41,157.12,1.52,0.009674134,1.430882353,0.00910694,18.5437299,0.118022721,1232.197213,7.842395704,238.1564845,1.515761739,55.10075027,0.350692148,3846.660236,24.48230802,347.5384066,2.211929777,225.1163987,1.432767303,,,,,,,,,,,,120,6.66,0.0555,0.91,0.0076,3.69,0.0308,61.8,0.515,575.67,4.8,40.3,0.3358,1.23,0.0103,387.56,3.23,5.04,0.042,15.84,0.132,2.77,0.0231,12.06,0.100490354,,,,
east,normal,en,EN21,F,en-female,168.6,26,100,1.36,,58.76,1.14,0.019400953,1.308382353,0.022266548,16.88745981,0.287397206,982.9453376,16.72813713,141.8113612,2.413399612,10.50053591,0.178702109,2615.391211,44.50972109,272.3372633,4.634738994,156.6559486,2.666030439,,,,,,,,,,,,178.28,5.17,0.028999327,1.71,0.0096,3.1,0.0174,51.4,0.288,298.82,1.68,44.35,0.2487,1.18,0.0066,,,7.15,0.0401,14.66,0.082,1.63,0.0091,9.52,0.053371733,,,,
east,normal,en,EN22,M,en-male,210.6,27,80,1.68,,107.88,1.08,0.010011123,1.688235294,0.015649196,22.76559486,0.211027019,1174.190782,10.88423046,178.6173633,1.655704146,10.39228296,0.096331878,3864.630225,35.82341699,313.1404073,2.902673408,251.1897106,2.328417785,71.64,7.4,0.103294249,13.13,0.183277499,0,0,1.08,0.015075377,13.02,0.181742044,146.08,4.94,0.033817087,0.71,0.0048,2.75,0.0188,112.95,0.773,318.16,2.18,37,0.2533,1.23,0.0084,513.83,3.52,4.49,0.0307,11.37,0.078,1.8,0.0123,17.37,0.118921315,,,,
east,normal,en,EN23,M,en-male,158.5,25.4,80,1.05,,,,,,,,,,,,,,,,,,,,,,,,,,,,,,,,,,,,,,,,,,,,,,,,,,,,,,,,,,,,
east,normal,en,EN3,M,en-male,42.6,17.5,30,0.2,2.775,,,,,,,,,,,,,,,,,,,,,,,,,,,,,,,,,,,,,,,,,,,,,,,,,,,,,,,,,,,
east,normal,en,EN4,F,en-female,212.9,27,100,1.77,2.559,101.32,1.96,0.019344651,1.536397059,0.015163808,34.32700965,0.338797963,953.5905681,9.411671616,217.5884244,2.147536759,20.56806002,0.203000987,4384.244373,43.27126306,341.2518757,3.36806036,216.977492,2.141507027,94.24,5.37,0.056982173,15.41,0.163518676,0.48,0.005093379,2.22,0.023556876,18.86,0.200127334,168.16,5.85,0.034788297,1.96,0.0116,5.23,0.0311,104.35,0.621,382.75,2.28,42.19,0.2509,1.39,0.0083,544.44,3.24,6.48,0.0385,15.69,0.093,2.66,0.0158,19,0.112960861,,,,
east,normal,en,EN5,F,en-female,50,18.9,,0.25,2.41,89.28,1.58,0.017697133,1.236735294,0.013852322,8.401511254,0.094102949,1104.3194,12.36916891,83.35476956,0.933633172,15.75080386,0.176420294,1282.797428,14.36825076,113.869239,1.275417103,69.11768489,0.774167617,56.98,5.22,0.091611092,8.67,0.152158652,0.12,0.002106002,1.9,0.033345033,8.23,0.144436644,169.28,8.25,0.048735822,1.76,0.0104,4.46,0.0264,133.02,0.786,342.77,2.02,34.17,0.2018,1.31,0.0078,382.64,2.26,4.67,0.0276,13.14,0.078,2.11,0.0125,15.45,0.091288848,,,,
east,normal,en,EN6,M,en-male,199,27.7,90,1.03,2.117,126.72,1.83,0.014441288,1.055147059,0.008326602,24.03215434,0.189647683,1086.741693,8.575928764,227.3311897,1.793964565,28.79528403,0.227235512,5917.106109,46.69433482,275.5398357,2.174398956,192.6688103,1.520429374,87.32,1.36,0.015574897,19.47,0.222972973,0.2,0.002290426,2.36,0.027027027,20.06,0.22972973,171.64,5.36,0.031228152,1.92,0.0112,3.52,0.0205,64.04,0.373,795.39,4.63,33.42,0.1947,2.24,0.0131,633.54,3.69,7.22,0.0421,17.36,0.101,4.7,0.0274,18.76,0.109269495,,,,
east,normal,en,EN7,M,en-male,47.7,17.2,,0.26,2.886,,,,,,,,,,,,,,,,,,,,,,,,,,,,,,,,,,,,,,,,,,,,,,,,,,,,,,,,,,,
east,normal,en,EN8,M,en-male,60.1,19,40,0.28,2.747,75.08,1.19,0.01584976,0.967647059,0.012888213,20.67631297,0.275390423,1183.682744,15.76561993,110.4180064,1.470671369,15.73997856,0.209642762,1962.625938,26.14046268,160.1286174,2.132773274,96.33440514,1.283090106,57.3,3.41,0.059511344,7.87,0.137347295,0.08,0.001396161,1.09,0.019022688,5.63,0.098254799,141.2,5.6,0.039660057,1.84,0.0131,3.5,0.0248,62.79,0.445,590.61,4.18,35.68,0.2527,1.77,0.0125,774.46,5.48,5.09,0.0361,14.1,0.1,2.93,0.0207,20.33,0.143960814,,,,
east,normal,en,EN9,M,en-male,38.7,17.4,30,0.14,3.828,,,,,,,,,,,,,,,,,,,,,,,,,,,,,,,,,,,,,,,,,,,,,,,,,,,,,,,,,,,
indian,dwarf,id,ID1,M,id-male,118,24.3,120,1.06,3.557,98.72,0.97,0.00982577,1.344617647,0.013620519,18.18649518,0.184223006,908.0643087,9.198382381,174.2872454,1.765470476,11.56141479,0.117113197,2354.501608,23.85029992,208.7602715,2.114670497,127.2154341,1.288649049,62.02,0.49,0.007900677,11.89,0.191712351,0,0,1.22,0.019671074,7.79,0.125604644,97.16,3.35,0.03447921,0.77,0.0079,2.5,0.0257,101.05,1.04,268.94,2.77,26.21,0.2698,1.36,0.014,329.61,3.39,2.9,0.0299,13.45,0.138,,,12.11,0.124649367,,,,
indian,dwarf,id,ID10,M,id-male,227.5,27.3,160,2.21,4.383,119.44,1.19,0.009963161,1.142647059,0.009566703,23.41511254,0.196040795,1094.73955,9.165602395,216.581672,1.813309377,24.76827438,0.207370013,3377.491961,28.27772908,288.6347981,2.416567298,166.3794212,1.392995824,121.72,0.94,0.007722642,14.58,0.119783109,0.07,0.00057509,1.39,0.011419652,22.14,0.181892869,160.12,5.89,0.036784911,0.78,0.0049,3.15,0.0197,55.79,0.348,1160.13,7.25,51.83,0.3237,2.27,0.0142,746.69,4.66,6.3,0.0394,11.01,0.069,4.16,0.026,11.29,0.070485721,,,,
indian,dwarf,id,ID11,F,id-female,95,21.3,50,0.89,4.235,108.24,1.45,0.013396157,1.622352941,0.014988479,13.87802787,0.128215335,1254.5209,11.59017831,153.5026795,1.418169618,11.9511254,0.110413206,2819.339764,26.04711534,291.4340836,2.692480447,166.3524116,1.536884808,94.46,0.87,0.009210248,11.79,0.124814736,0.18,0.001905568,1.21,0.012809655,17.5,0.185263604,,,,,,,,,,,,,,,,,,,,,,,,,,Dead & rigor mortis when sampling (~10 min dead),,,
indian,dwarf,id,ID12,F,id-female,244.5,30,,1.83,5.159,106.56,0.8,0.007507508,1.245588235,0.011689079,20.75209003,0.19474559,1017.221865,9.546000985,202.9742765,1.904788631,13.96463023,0.131049458,3464.094319,32.50839263,276.1922115,2.591893877,216.977492,2.036200188,114.74,3.23,0.028150601,17.66,0.153913195,0,0,1.07,0.009325431,16.05,0.139881471,139.28,3.84,0.027570362,0.92,0.0066,2.89,0.0208,70.4,0.505,587.53,4.22,28.29,0.2031,1.55,0.0111,423.63,3.04,6.04,0.0434,12.88,0.092,,,20.05,0.143988099,Dead & rigor mortis when sampling (~10 min dead); heavily parasitized,,,
indian,dwarf,id,ID13,F,id-female,147,25,90,1.51,5.215,125.36,1.11,0.008854499,0.710294118,0.005666035,23.18778135,0.184969539,979.5176849,7.813638201,124.4908896,0.993067084,13.09860665,0.104487928,2682.508039,21.39843681,292.9760629,2.337077719,184.5659164,1.472287144,72.16,0.92,0.012749446,16.35,0.226579823,0.12,0.001662971,1.18,0.01635255,16.32,0.22616408,130.32,5.43,0.041666667,0.95,0.0073,3.11,0.0239,86.6,0.665,957.98,7.35,22.76,0.1747,1.06,0.0081,433.47,3.33,5.95,0.0456,12.53,0.096,4.32,0.0332,16.24,0.124642483,Dead & rigor mortis when sampling (~10 min dead),May be a hybrid,,
indian,dwarf,id,ID14,M,id-male,135.9,23.6,110,1.24,3.694,129.76,0.93,0.007167078,0.875,0.006743218,18.63033226,0.14357531,1245.116827,9.595536583,155.8842444,1.201327408,7.11221865,0.054810563,2695.498392,20.77295308,227.738478,1.755074584,148.1028939,1.141360156,74.94,0.58,0.007739525,12.26,0.163597545,0.06,0.000800641,1.06,0.014144649,16.78,0.223912463,117.36,4.23,0.036042945,0.57,0.0048,2.52,0.0215,35.76,0.305,452.63,3.86,31.82,0.2711,1.35,0.0115,379.36,3.23,4.6,0.0392,10.94,0.093,2.08,0.0177,8.35,0.071163672,Dead & rigor mortis when sampling (~10 min dead),,,
indian,dwarf,id,ID15,F,id-female,166.3,24.5,120,2.17,4.017,136.8,1.09,0.007967836,0.832794118,0.006087676,24.29196141,0.177572817,928.9817792,6.79080248,192.6902465,1.408554433,9.309753483,0.068053754,4200.214362,30.70332136,320.2572347,2.341061657,187.266881,1.368909949,94.97,0.54,0.005686006,16.14,0.169948405,0.25,0.00263241,1.37,0.014425608,15.01,0.15804991,115.68,4.37,0.037776625,,,2.19,0.0189,57.12,0.494,1353.48,11.7,21.68,0.1874,0.96,0.0083,220.84,1.91,4.74,0.041,9.99,0.086,,,9.12,0.078801484,Dead & rigor mortis when sampling (>10 min dead),,,
indian,dwarf,id,ID16,F,id-female,195.5,26.2,150,2.2,,104.92,0.91,0.008673275,1.029411765,0.009811397,23.1823687,0.220952809,962.3794212,9.172506874,152.6366559,1.454790849,6.008038585,0.057263044,2616.581994,24.93882953,268.5819507,2.55987372,181.8649518,1.733367821,100.8,0.18,0.001785714,16.39,0.162599206,0,0,0.93,0.00922619,21.92,0.217460317,113.88,6.1,0.053565156,1.4,0.0123,2.91,0.0256,44.7,0.393,530.85,4.66,23.61,0.2073,0.89,0.0078,333.99,2.93,4.87,0.0428,10.38,0.091,,,13.11,0.115115251,Dead & rigor mortis when sampling (>10 min dead),,,
indian,dwarf,id,ID2,F,id-female,160.2,25.5,100,1.83,2.987,85.96,1.85,0.021521638,0.838970588,0.009760011,17.7318328,0.206280047,1097.024652,12.76203644,175.3697749,2.040132328,13.84555198,0.161069707,2874.115756,33.43550205,235.685602,2.741805514,169.2604502,1.969060612,51.94,5.69,0.10954948,14.11,0.271659607,0,0,1.27,0.02445129,13.29,0.25587216,,,,,,,,,,,,,,,,,,,,,,,,,,,,,
indian,dwarf,id,ID3,F,id-female,159.6,25.7,120,1.7,4.277,102.92,1.21,0.011756704,1.142647059,0.011102284,19.09798499,0.185561455,1171.554126,11.38315319,185.9785638,1.807020635,36.63279743,0.355934682,3265.991426,31.73330185,288.2670954,2.800885109,154.8553055,1.504618203,91.24,2.18,0.023893029,17.91,0.196295484,0.61,0.006685664,2.07,0.022687418,20.73,0.227202981,,,,,,,,,,,,,,,,,,,,,,,,,,Freshly dead when sampled,,,
indian,dwarf,id,ID4,F,id-female,194,27,140,2.62,3.57,128.12,1.23,0.009600375,0.948088235,0.007400002,20.02679528,0.156312795,1520.915434,11.87102274,204.7063237,1.597770244,13.35191854,0.104214163,6969.324759,54.39685263,319.7827796,2.495963,171.1511254,1.335865793,,,,,,,,,,,,112.44,5.61,0.049893276,0.77,0.0068,3.26,0.029,47.28,0.42,893.39,7.95,39.16,0.3483,1.04,0.0092,513.83,4.57,5.93,0.0528,15.1,0.134,4.43,0.0394,15.19,0.135120296,,,,
indian,dwarf,id,ID5,M,id-male,184.4,26.5,140,1.96,3.336,104.52,1.4,0.013394566,1.314816176,0.012579565,21.01622722,0.201073739,883.2797428,8.450820348,211.0932476,2.019644543,31.60986066,0.302428824,3420.79314,32.72859874,341.7263308,3.26948269,201.1318328,1.92433824,101.51,0.38,0.003743474,15.12,0.148950842,0.09,0.000886612,2.11,0.020786129,17.81,0.175450695,131.6,7.41,0.056306991,0.8,0.0061,2.89,0.022,97.01,0.737,342.77,2.6,43.91,0.3337,1.18,0.0089,,,4.58,0.0348,12.41,0.094,1.73,0.0131,8.72,0.066234033,Freshly dead when sampled,,,
indian,dwarf,id,ID6,M,id-male,174.5,26.4,110,2.19,2.931,82.68,1.16,0.014029995,1.531764706,0.018526424,27.66173633,0.334563816,803.4512326,9.717600781,489.1655949,5.916371491,26.48949625,0.32038578,2922.829582,35.35110767,279.9285459,3.385686332,204.3729904,2.47185523,54.62,1.74,0.031856463,15.74,0.28817283,0.18,0.003295496,1.64,0.030025632,19.49,0.356829,94.4,6.35,0.067266949,1.69,0.0179,2.74,0.029,73.67,0.78,1367.98,14.49,28.65,0.3035,1.06,0.0112,226.85,2.4,5.85,0.062,10.99,0.116,,,11.51,0.121948063,"Freshly dead when sampled, parasitized",,,
indian,dwarf,id,ID7,F,id-female,153.8,25.1,140,1.68,2.685,114.44,1.27,0.011097518,1.600735294,0.013987551,14.04040729,0.122687935,1085.572776,9.48595575,185.1125402,1.617551033,27.49624866,0.240267814,3217.277599,28.11322614,314.2079314,2.745612822,197.1254019,1.722521862,,,,,,,,,,,,128.4,7.55,0.058800623,1.17,0.0091,3.3,0.0257,113.68,0.885,384.95,3,39.85,0.3104,1.17,0.0091,,,4.71,0.0367,16.93,0.132,1.54,0.012,10.64,0.082895093,,,,
indian,dwarf,id,ID8,M,id-male,215.5,27.5,200,1.9,3.732,,,,,,,,,,,,,,,,,,,,,,,,,,,,,,,,,,,,,,,,,,,,,,,,,,,,,,,,,,,
indian,dwarf,id,ID9,M,id-male,102.2,22,80,1.27,3.773,113.96,1.37,0.012021762,1.288,0.011302211,23.59914255,0.207082683,1153.449089,10.12152588,156.9667738,1.377384817,18.20814577,0.159776639,3619.978564,31.76534366,215.877099,1.894323438,129.6463023,1.13764744,88.98,1.34,0.015059564,14.03,0.157675882,0.13,0.001461002,1.53,0.017194875,9.77,0.109799955,109,5.47,0.050183486,0.81,0.0075,2.88,0.0265,55.7,0.511,339.69,3.12,29.92,0.2745,0.97,0.0089,425.82,3.91,5.79,0.0531,13.55,0.124,1.81,0.0166,15.54,0.142570577,,,,
indian,normal,in,IN10,F,in-female,327.3,30.5,220,4.7,4.847,118,1.37,0.011610169,1.420588235,0.012038883,26.19721329,0.222010282,1095.091104,9.280433085,216.505895,1.83479572,20.76291533,0.17595691,3641.629153,30.86126401,329.746338,2.794460492,212.4758842,1.800643086,91.06,1.7,0.018669009,16.72,0.183615199,0.58,0.006369427,2.1,0.023061718,17.81,0.195585328,144.2,5.85,0.040568655,0.78,0.0054,3.36,0.0233,92.84,0.644,348.04,2.41,39.68,0.2752,1.09,0.0076,772.93,5.36,3.06,0.0212,10.08,0.07,2.27,0.0157,14.21,0.098574907,parasitized,,,
indian,normal,in,IN11,M,in-male,990.1,42.9,500,6.7,3.395,,,,,,,,,,,,,,,,,,,,,,,,,,,,,,,146.52,6.91,0.047160797,1,0.0068,4.38,0.0299,26.3,0.18,1305.14,8.91,42.59,0.2907,1.27,0.0086,442.77,3.02,6.95,0.0475,10.96,0.075,4.55,0.031,20.05,0.136873208,,,,
indian,normal,in,IN12,F,in-female,236.2,27.5,180,3.07,2.218,108.96,1.5,0.01376652,1.080882353,0.009919992,20.03536977,0.18387821,1047.572347,9.614283655,434.0943194,3.983978702,14.36516613,0.131838896,3022.422294,27.73882428,324.2901036,2.97623076,173.7620579,1.594732543,69.48,0.76,0.0109384,15.16,0.218192286,0.06,0.000863558,1.59,0.022884283,17.47,0.251439263,137.4,8.75,0.063682678,1.3,0.0094,2.76,0.0201,47.23,0.344,344.96,2.51,39.74,0.2892,1.57,0.0114,508.36,3.7,4.2,0.0306,14.83,0.108,3.18,0.0232,14.08,0.102486696,,,,
indian,normal,in,IN13,F,in-female,1141.7,47.3,650,9.87,3.024,90,2.25,0.025,2.202941176,0.024477124,43.0846731,0.47871859,868.7341908,9.65260212,239.9318328,2.665909253,33.04962487,0.367218054,3756.377278,41.73752531,257.4037871,2.860042079,148.6430868,1.651589853,55.88,1.63,0.029169649,17.66,0.316034359,0.03,0.000536865,0.58,0.010379384,15.92,0.284896206,156.4,4.87,0.031138107,0.84,0.0054,3.1,0.0198,49.6,0.317,890.31,5.69,39.45,0.2522,1.1,0.007,470.1,3.01,6.23,0.0399,9.07,0.058,4.43,0.0284,14.39,0.092034605,Freshly dead when sampled,,,
indian,normal,in,IN14,F,in-female,350.2,32.8,190,3.05,3.607,118.96,1.37,0.011516476,1.843676471,0.015498289,25.12550911,0.211209727,1030.493033,8.66251709,212.1757771,1.783589249,27.11736334,0.227953626,4730.653805,39.7667603,330.9324759,2.781880261,219.2282958,1.84287404,121.68,1.2,0.009861933,17.62,0.144806049,0.15,0.001232742,1.04,0.008547009,21.62,0.177679158,112.76,5.15,0.045672224,0.8,0.0071,3.1,0.0275,50.84,0.451,316.4,2.81,29.37,0.2605,0.65,0.0058,448.23,3.98,4.72,0.0418,8.64,0.077,2.07,0.0184,9.81,0.087001502,Dead & rigor mortis when sampling (~10 min dead),,,
indian,normal,in,IN15,M,in-male,200.1,26,,2.68,4.48,131.92,1.08,0.00818678,1.040735294,0.00788914,29.55305466,0.224022549,1338.981779,10.14995284,273.9882101,2.076927002,7.144694534,0.054159298,5341.200429,40.4881779,272.8117185,2.068008782,174.4913183,1.322705566,96.52,1.99,0.020617489,18.6,0.192706175,0.21,0.002175715,1.69,0.017509324,16.9,0.175093245,151.6,6.63,0.043733509,0.98,0.0064,2.4,0.0158,46.5,0.307,830.55,5.48,26.2,0.1729,1.11,0.0073,,,4.63,0.0305,11.03,0.073,2.34,0.0154,8.49,0.056007093,Dead & rigor mortis when sampling (~10 min dead); parasitized,,,
indian,normal,in,IN2,M,in-male,365.5,31,230,3.13,2.268,144.24,1.45,0.01005269,1.739705882,0.012061189,22.44083601,0.155579839,1065.38478,7.386195092,201.3504823,1.39594067,23.05787781,0.159857722,2583.997856,17.91457194,328.5602001,2.277871604,216.977492,1.504281004,103.3,1.6,0.015488867,15.99,0.154791868,0,0,1.73,0.016747338,19.08,0.184704743,146.36,5.08,0.034708937,0.83,0.0057,3.38,0.0231,48.52,0.332,509.75,3.48,40.75,0.2784,0.83,0.0057,338.91,2.32,6.59,0.045,13.39,0.091,2.14,0.0146,9.01,0.061571301,Freshly dead when sampled,,,
indian,normal,in,IN3,F,in-female,229.8,27.2,170,2.88,4.394,146.84,1.58,0.010760011,1.667647059,0.011356899,17.22304394,0.117291228,1270.296892,8.650891392,216.505895,1.474434044,20.50310825,0.139628904,3821.329046,26.02376087,367.702751,2.504104815,196.2700965,1.336625555,,,,,,,,,,,,108.88,7.55,0.069342395,0.95,0.0087,3.29,0.0303,83.55,0.767,406.05,3.73,38.3,0.3518,0.89,0.0082,,,4.51,0.0414,10.37,0.095,2.17,0.0199,7.99,0.073357258,Freshly dead when sampled,,,
indian,normal,in,IN4,M,in-male,170.3,24.9,130,1.76,2.565,130.96,1.59,0.012141112,1.516323529,0.011578524,28.38392283,0.216737346,917.1607717,7.003365697,208.9281886,1.595358801,27.11736334,0.207066,3072.21865,23.45921388,321.799214,2.45723285,183.881672,1.40410562,,,,,,,,,,,,117.12,5.11,0.043630464,1.97,0.0168,2.6,0.0222,37.39,0.319,703.11,6,38.37,0.3276,1.95,0.0167,496.33,4.24,4.61,0.0394,12.47,0.106,3.92,0.0334,13.66,0.116674793,Dead & rigor mortis when sampling (~10 min dead),May be a hybrid,,
indian,normal,in,IN5,F,in-female,216.2,28,120,2.18,2.24,144.12,1.6,0.01110186,1.626470588,0.01128553,19.59378349,0.135954645,1241.864952,8.616881432,212.7170418,1.475971703,26.02400857,0.180571805,3147.995713,21.84287894,327.3740622,2.271538039,159.7170418,1.108222605,110.58,2.61,0.023602821,16.54,0.149574968,0.07,0.000633026,1.94,0.01754386,21.81,0.197232773,129.88,5.25,0.040421928,0.95,0.0073,3.72,0.0287,69.63,0.536,659.16,5.08,44.71,0.3442,1.78,0.0137,396.3,3.05,5.08,0.0391,13.02,0.1,,,14.17,0.109089073,,,,
indian,normal,in,IN6,F,in-female,410.3,32.5,230,4.14,3.43,148.8,1.52,0.010215054,1.863235294,0.012521743,39.29581994,0.264084811,1113.987138,7.486472702,230.5787781,1.549588563,28.90353698,0.1942442,2412.958199,16.21611693,336.8631654,2.263865359,290.8038585,1.954327006,70.8,0.8,0.011299435,18.86,0.266384181,0.16,0.002259887,2.05,0.028954802,8.02,0.113276836,145.64,5.71,0.039206262,1.55,0.0107,4.32,0.0297,92.84,0.637,448.23,3.08,48.38,0.3322,1.09,0.0075,338.91,2.33,4.97,0.0342,13.19,0.091,1.89,0.013,16.41,0.11266383,,,,
indian,normal,in,IN7,M,in-male,189.9,26.1,140,2.23,3.065,113.96,1.4,0.012285012,1.299117647,0.011399769,21.00107181,0.184284589,1146.066452,10.05674317,181.1071811,1.589217103,20.8278671,0.182764717,2760.450161,24.22297439,330.9324759,2.90393538,198.0707395,1.738072477,,,,,,,,,,,,124.36,4.65,0.037391444,,,3.12,0.0251,61.72,0.496,505.36,4.06,34.12,0.2744,1.37,0.011,178.64,1.44,4.85,0.039,11.75,0.094,,,10.07,0.080980537,Freshly dead,May be a hybrid,,
indian,normal,in,IN8,F,in-female,170.8,25.9,130,1.75,2.354,133.44,1.52,0.011390887,1.235294118,0.0092573,12.48156484,0.093536907,1178.145766,8.829030021,218.6709539,1.638721177,14.55460879,0.109072308,3393.729904,25.43262818,274.5909253,2.057785711,176.4630225,1.322414737,,,,,,,,,,,,,,,,,,,,,,,,,,,,,,,,,,,,,Dead & rigor mortis when sampling (~10 min dead),,,
indian,normal,in,IN9,F,in-female,1025.1,46,550,6.95,,101.56,1.45,0.014277275,1.638617647,0.016134479,34.31618435,0.337890748,1056.156484,10.39933521,169.0694534,1.664724827,23.40428725,0.230447885,2960.718114,29.15240364,220.6216506,2.172328186,141.3504823,1.391792854,53.5,0.36,0.006728972,17.59,0.328785047,0.09,0.001682243,1.58,0.02953271,16.39,0.30635514,,,,,,,,,,,,,,,,,,,,,,,,,,parasitized,,,
temi,dwarf,td,TD1,M,td-male,72.5,20.6,40,0.36,2.724,51.16,1.55,0.030297107,0.827647059,0.01617762,20.03220793,0.391559967,922.7416935,18.03638963,77.94212219,1.523497306,17.62357985,0.344479669,2468.167203,48.24408137,179.6998928,3.512507678,104.437299,2.041385829,56.98,2.39,0.041944542,10.08,0.176904177,0.01,0.0001755,1.31,0.022990523,10.41,0.182695683,118,6.1,0.051694915,,,3.51,0.0297,96.27,0.816,492.18,4.17,37.09,0.3143,1.62,0.0137,309.39,2.62,7.45,0.0631,16.01,0.136,,,13.28,0.112567442,,,,
temi,dwarf,td,TD10,M,td-male,76.5,20.3,40,0.37,2.305,97.04,0.92,0.009480627,1.019117647,0.010502037,20.45980707,0.210838902,968.6810289,9.982285953,84.43729904,0.870128803,9.905144695,0.102072802,1284.962487,13.2415755,120.9860665,1.246764906,92.73311897,0.955617467,50.94,3.74,0.073419709,7.62,0.14958775,0,0,0.89,0.017471535,5.23,0.102669808,141.04,4.98,0.035309132,0.9,0.0064,3.78,0.0268,62.32,0.442,482.51,3.42,29.98,0.2125,2.8,0.0199,458.07,3.25,6.51,0.0461,10.86,0.077,,,13.15,0.09325534,Liver an odd color,,,
temi,dwarf,td,TD11,F,td-female,97.9,22.6,60,0.68,2.704,,,,,,,,,,,,,,,,,,,,,,,,,,,,,,,176.16,6.35,0.036046776,1.17,0.0066,3.5,0.0199,88.11,0.5,801.1,4.55,41.25,0.2342,1.33,0.0075,519.29,2.95,4.38,0.0249,11.81,0.067,3.25,0.0185,15.45,0.087723525,,May be a hybrid,,
temi,dwarf,td,TD12,M,td-male,83.4,21.2,50,0.57,2.935,,,,,,,,,,,,,,,,,,,,,,,,,,,,,,,123.76,4.16,0.033613445,1.46,0.0118,2.72,0.022,53.68,0.434,595.88,4.81,28.48,0.2301,1.75,0.0141,494.69,4,4,0.0323,10.22,0.083,2.95,0.0238,14.69,0.118720602,Dead & rigor mortis when sampling (~10 min dead),,,
temi,dwarf,td,TD13,F,td-female,64.1,18.9,50,0.26,3.047,74.44,1.63,0.02189683,1.873529412,0.025168316,23.68574491,0.318185719,929.4212219,12.48550809,128.8210075,1.73053476,26.73847803,0.35919503,2210.525188,29.69539479,173.1761343,2.326385469,122.8038585,1.649702559,,,,,,,,,,,,119.36,7.55,0.063254021,1.3,0.0109,2.46,0.0206,53.72,0.45,512.83,4.3,36.71,0.3076,1.28,0.0107,507.27,4.25,3.92,0.0328,8.78,0.074,3.18,0.0266,16.32,0.136742153,,,,
temi,dwarf,td,TD14,F,td-female,73.5,19.8,60,0.56,3.746,,,,,,,,,,,,,,,,,,,,,,,,,,,,,,,,9.59,,1.44,,3.68,,114.5,,362.54,,41.38,,1.28,,,,4.54,,12.68,,1.69,,8.58,,Freshly dead when sampled,,,
temi,dwarf,td,TD15,F,td-female,20.2,14.9,20,0.46,,,,,,,,,,,,,,,,,,,,,,,,,,,,,,,,124.56,8.57,0.068802184,2.72,0.0218,3.47,0.0278,75.9,0.609,377.48,3.03,29.52,0.237,2.09,0.0168,610.03,4.9,6.05,0.0485,16.23,0.13,2.48,0.0199,17.92,0.143858149,Freshly dead when sampled,,,
temi,dwarf,td,TD16,M,td-male,81.2,20.5,50,0.47,,114.2,2.09,0.018301226,1.564705882,0.013701453,23.38263666,0.204751634,1265.594855,11.08226668,120.1607717,1.052195899,19.81028939,0.173470135,2262.486602,19.81161648,182.6652376,1.599520469,90.93247588,0.796256356,57.2,4.64,0.081118881,11.46,0.20034965,0,0,1.54,0.026923077,13.04,0.227972028,132.56,5.64,0.042546771,1.31,0.0099,4.98,0.0375,88.07,0.664,345.4,2.61,23.57,0.1778,1.36,0.0103,400.68,3.02,7.46,0.0563,13.53,0.102,,,14.41,0.108717378,Freshly dead when sampled,,,
temi,dwarf,td,TD17,M,td-male,79.6,20,40,0.46,3.734,106.2,1.46,0.013747646,1.204720588,0.011343885,21.67224009,0.204070057,1349.001072,12.70245831,97.86066452,0.921475184,16.88745981,0.159015629,1417.031083,13.34304221,170.068453,1.601397863,99.93569132,0.941014043,79.86,3.81,0.04770849,8.01,0.100300526,0.03,0.000375657,1.62,0.0202855,12.45,0.155897821,147.24,5.71,0.038780223,1.04,0.007,3.52,0.0239,81.7,0.555,610.39,4.15,33.26,0.2259,1.47,0.01,448.23,3.04,3.99,0.0271,10.4,0.071,2.37,0.0161,16.41,0.111439555,parasitized,,,
temi,dwarf,td,TD18,M,td-male,63.5,19.5,40,,3.816,71.16,0.99,0.01391231,0.833823529,0.011717588,14.72240086,0.206891524,1125.324759,15.81400729,68.19935691,0.95839456,12.67642015,0.178139687,1279.549839,17.98130746,102.4823151,1.440167441,75.62700965,1.062774166,47.38,3.63,0.076614605,8.23,0.173701984,0.1,0.002110595,1.67,0.03524694,6.66,0.14056564,117.76,3.6,0.030570652,0.78,0.0066,2.04,0.0173,105.73,0.898,390.66,3.32,28.53,0.2422,0.75,0.0064,448.23,3.81,5.79,0.0492,10.87,0.092,1.98,0.0168,12.17,0.10336026,,,,
temi,dwarf,td,TD19,F,td-female,70,19.5,60,0.41,3.056,,,,,,,,,,,,,,,,,,,,,,,,,,,,,,,123.24,7.51,0.060938007,1.31,0.0107,2.7,0.0219,59.66,0.484,557.65,4.52,40.24,0.3265,1.4,0.0113,470.1,3.81,5.5,0.0446,12.3,0.1,3.57,0.0289,17.35,0.140777778,,,,
temi,dwarf,td,TD2,F,td-female,76.1,20.3,60,0.56,2.964,134.64,1.8,0.013368984,1.340294118,0.00995465,23.33933548,0.173346223,1262.518757,9.376996116,178.4549839,1.325423232,21.46655949,0.159436716,3172.893891,23.56575974,241.9721329,1.797178646,126.0450161,0.936163221,71.36,1.96,0.027466368,14.43,0.202214126,0.22,0.00308296,1.65,0.023122197,15.32,0.214686099,119.08,5.18,0.043500168,1,0.0084,3.11,0.0261,56.17,0.472,377.92,3.17,35.94,0.3018,1.37,0.0115,468.46,3.93,5.57,0.0468,12.38,0.104,1.94,0.0163,11.99,0.100683482,,,,
temi,dwarf,td,TD20,M,td-male,32.4,15.1,20,0.22,,122.6,1.65,0.013458401,1.601970588,0.013066644,17.74265809,0.144719887,1204.86388,9.827600979,169.0369775,1.378768169,33.94812433,0.276901504,2576.42015,21.01484625,249.6820293,2.036558151,165.659164,1.351216672,66.1,4.82,0.072919818,10.77,0.162934947,0,0,1.98,0.029954614,9.99,0.151134644,124.76,8.62,0.069068572,2.715,0.0216,3.775,0.03035,61.44,0.497,694.54,5.575,34.435,0.27595,1.565,0.0126,490.045,3.97,5.74,0.0459,15.765,0.127,3.87,0.0321,17.515,0.141032636,,,,
temi,dwarf,td,TD21,F,td-female,75.5,20.1,40,0.34,3.483,,,,,,,,,,,,,,,,,,,,,,,,,,,,,,,225,6.1,0.027111111,1.83,0.0081,3.2,0.0142,78.22,0.348,360.34,1.6,42.76,0.1901,1.48,0.0066,,,5.43,0.0242,12.81,0.057,1.59,0.0071,12.5,0.055562701,very large gall bladder,,,
temi,dwarf,td,TD22,F,td-female,55,18.5,40,0.36,4.887,,,,,,,,,,,,,,,,,,,,,,,,,,,,,,,133.36,6.49,0.048665267,1.16,0.0087,3.03,0.0227,82.01,0.615,236.42,1.77,33.98,0.2548,,,378.81,2.84,4.66,0.0349,11.97,0.09,2.39,0.018,13.8,0.103508237,parasitized,,,
temi,dwarf,td,TD23,F,td-female,66.2,19,40,0.57,4.049,,,,,,,,,,,,,,,,,,,,,,,,,,,,,,,,,,,,,,,,,,,,,,,,,,,,,,,,,,,
temi,dwarf,td,TD24,M,td-male,59.3,18.6,,0.46,,,,,,,,,,,,,,,,,,,,,,,,,,,,,,,,,,,,,,,,,,,,,,,,,,,,,,,,,,,,
temi,dwarf,td,TD3,M,td-male,84.4,20.8,50,0.52,3.641,95.52,1.92,0.020100503,1.111764706,0.011639078,26.41371919,0.276525536,1014.673098,10.62262456,117.9957128,1.235298501,15.92400857,0.166708632,1818.649518,19.03946313,192.1543408,2.011666047,119.1125402,1.24699058,56.54,3.95,0.069862045,9.75,0.172444287,0.07,0.001238062,1.39,0.024584365,13.75,0.243190661,159.96,5.25,0.032820705,0.95,0.006,2.77,0.0173,55.23,0.345,346.28,2.16,39.88,0.2493,1.69,0.0106,634.08,3.96,6.65,0.0416,16.14,0.101,2.94,0.0184,18.91,0.118208813,,,,
temi,dwarf,td,TD4,M,td-male,77.1,21.3,40,0.39,3.03,78.48,0.89,0.011340469,0.813235294,0.010362325,12.12433012,0.154489426,808.7942122,10.30573665,50.87888532,0.648303839,5.001286174,0.063726888,788.0814577,10.04181266,73.5405502,0.937061037,57.43151125,0.731798054,55.36,3.15,0.056900289,8.12,0.146676301,0.01,0.000180636,0.77,0.01390896,9.15,0.165281792,115.28,5.47,0.047449688,2.6,0.0225,3.02,0.0262,59.44,0.516,373.53,3.24,35.13,0.3047,1.82,0.0158,327.43,2.84,3.57,0.031,11.99,0.104,,,14.27,0.123808716,parasitized,,,
temi,dwarf,td,TD5,F,td-female,84,21.4,70,0.48,4.911,115.08,1.44,0.012513034,2.089705882,0.018158723,24.03215434,0.208829982,953.4499464,8.285105547,165.6270096,1.43923366,57.48231511,0.499498741,2651.114684,23.03714532,215.877099,1.8758872,192.6688103,1.674216287,86.92,1.7,0.019558214,15.01,0.172687529,0,0,2.72,0.031293143,13.32,0.153244363,139,8.71,0.062661871,1.73,0.0124,2.95,0.0213,62.54,0.45,796.27,5.73,38.23,0.275,1.62,0.0116,1033.12,7.43,6.94,0.0499,12.87,0.093,3.15,0.0227,17.19,0.123666983,,,,
temi,dwarf,td,TD6,F,td-female,85,21.5,50,0.44,2.99,82.84,1.26,0.015210043,1.612058824,0.019459909,17.7733119,0.214549878,992.0418006,11.97539595,242.5948553,2.928474835,23.7810075,0.287071554,1992.395498,24.05112866,162.5008932,1.96162353,124.9646302,1.508505917,60.1,4.82,0.080199667,10.01,0.16655574,0.01,0.000166389,1.67,0.027787022,8.41,0.139933444,133.32,7.51,0.056330633,1.3,0.0097,3.42,0.0256,81.66,0.613,354.63,2.66,33.1,0.2483,1.74,0.013,412.15,3.09,5.46,0.041,14.12,0.106,3.29,0.0246,16.06,0.120470246,parasitized,,,
temi,dwarf,td,TD7,F,td-female,79.1,20.9,60,0.51,5.202,109,1.4,0.012844037,1.729411765,0.015866163,29.4664523,0.270334425,1254.608789,11.51017238,122.3258307,1.122255328,26.02400857,0.238752372,2243.001072,20.57799149,180.0557342,1.65188747,97.14469453,0.89123573,58.22,1.45,0.024905531,10.12,0.173823428,0.1,0.001717623,2.21,0.037959464,7.96,0.136722776,152.36,5.96,0.039117879,0.94,0.0062,3.18,0.0209,58.28,0.383,409.56,2.69,41.68,0.2736,1.63,0.0107,479.39,3.15,5.93,0.0389,15.18,0.1,3.65,0.024,16.16,0.106042213,,,,
temi,dwarf,td,TD8,M,td-male,70.3,20.3,60,0.38,2.624,72.64,1.47,0.020236784,2.295588235,0.031602261,23.35305466,0.32149029,813.0332262,11.19263803,437.9635584,6.029234009,34.64094319,0.476885231,2960.176849,40.75133327,284.6730975,3.91895784,184.5659164,2.540830347,99.5,0.44,0.004422111,14.4,0.144723618,0.17,0.001708543,2.3,0.023115578,16.5,0.165829146,179.48,6.31,0.035157121,1.72,0.0096,3.28,0.0183,90.34,0.503,386.71,2.15,36.79,0.205,1.6,0.0089,481.03,2.68,5.55,0.0309,14.25,0.079,3.09,0.0172,17.15,0.09553322,,,,
temi,dwarf,td,TD9,F,td-female,61.8,20,40,0.38,4.387,95.64,1.11,0.011606023,1.451470588,0.015176397,15.05798499,0.157444427,888.5530547,9.290600739,147.7652733,1.545015405,14.93890675,0.15619936,2684.78135,28.07174143,155.3840657,1.624676555,92.19292605,0.963957822,54.33,3.74,0.068838579,13.27,0.244248113,0.13,0.002392785,1.56,0.028713418,10.33,0.190134364,121.76,5.4,0.04434954,1.2,0.0098,3.41,0.028,67.82,0.557,358.15,2.94,38.01,0.3122,1.31,0.0108,368.97,3.03,4.25,0.0349,10.08,0.083,4.75,0.039,16.25,0.133476429,,,,
temi,normal,tn,TN1,F,tn-female,111.8,23,60,0.46,2.911,117.64,1.55,0.013175791,1.575,0.013388303,28.12411576,0.239069328,1072.327974,9.115334699,203.5155413,1.7299859,75.34405145,0.640462865,3365.584137,28.60918172,191.7984995,1.630385069,138.829582,1.180122254,56.68,0.22,0.00388144,14.47,0.255292872,0.27,0.004763585,2.47,0.043577982,11.26,0.198659139,96.04,4.27,0.044460641,0.94,0.0098,2.98,0.031,54.41,0.567,313.76,3.27,36.28,0.3778,1.83,0.0191,353.12,3.68,4.65,0.0485,9.27,0.097,,,16.32,0.169945267,,May be a hybrid,,
temi,normal,tn,TN10,F,tn-female,106,22,70,0.68,2.081,112.04,1.82,0.016244199,1.770588235,0.01580318,18.51125402,0.165220047,1019.506967,9.099490959,155.8842444,1.391326708,25.49356913,0.227539889,2764.130761,24.67092789,227.738478,2.03265332,163.4083601,1.458482329,93.98,6.71,0.07139817,12.66,0.134709513,0.02,0.000212811,1.91,0.020323473,9.36,0.099595659,151.24,9.38,0.062020629,1.78,0.0118,5.98,0.0395,133.84,0.885,431.09,2.85,43.31,0.2864,1.26,0.0083,,,4.79,0.0317,12.08,0.08,0.68,0.0045,11.11,0.073476198,,May be a hybrid,,
temi,normal,tn,TN11,F,tn-female,103.3,22.3,90,3.74,3.201,129.84,1.88,0.014479359,2.254411765,0.017362999,30.36495177,0.233864385,1242.743837,9.571348098,217.5884244,1.675819658,39.52315113,0.304398884,3316.870311,25.54582803,275.5398357,2.122149073,153.414791,1.181568014,80.7,3.05,0.0377943,15.34,0.190086741,0.01,0.000123916,3.17,0.039281289,16.56,0.205204461,,,,,,,,,,,,,,,,,,,,,,,,,,,,,
temi,normal,tn,TN12,M,tn-male,101.9,22.2,60,0.49,3.227,116.4,1.52,0.013058419,2.563235294,0.022020922,40.07073955,0.34425034,1033.612004,8.879828213,503.6543408,4.326927326,41.35262594,0.355263109,3234.165059,27.78492319,282.3008217,2.425264791,232.1028939,1.994011116,120.07,1.7,0.014158408,15.81,0.131673191,0.41,0.003414675,2.15,0.017906221,24.25,0.20196552,,,,,,,,,,,,,,,,,,,,,,,,,,,,,
temi,normal,tn,TN13,F,tn-female,368.9,34,190,3.74,3.258,,,,,,,,,,,,,,,,,,,,,,,,,,,,,,,,,,,,,,,,,,,,,,,,,,,,,,,,,,,
temi,normal,tn,TN14,F,tn-female,239.8,28.2,120,1.64,3.782,68.52,1.94,0.028312901,1.6275,0.023752189,28.53547696,0.416454713,904.3729904,13.19867178,130.9860665,1.911647205,18.51125402,0.270158407,2687.920686,39.22826454,277.5562701,4.050733656,167.4598071,2.443955153,91.34,4.32,0.047295818,14.8,0.162031968,0.13,0.001423254,1.65,0.018064375,7.98,0.087365886,,,,,,,,,,,,,,,,,,,,,,,,,,,,,
temi,normal,tn,TN15,M,tn-male,171.1,26.5,110,0.94,2.942,140.4,1.24,0.008831909,1.647058824,0.011731188,29.81286174,0.21234232,1012.915327,7.214496631,216.505895,1.542064779,36.32968917,0.25875847,3864.630225,27.5258563,256.2057878,1.824827548,159.807074,1.138227023,62.96,0.4,0.00635324,12.55,0.19933291,0.01,0.000158831,2.07,0.032878018,14.29,0.226969504,,,,,,,,,,,,,,,,,,,,,,,,,,,,,
temi,normal,tn,TN2,M,tn-male,119,23.2,90,1.03,2.645,47.32,1.31,0.027683855,1.219544118,0.025772276,25.03241158,0.529002781,1057.650589,22.35102682,117.9957128,2.493569586,13.15273312,0.27795294,1931.232583,40.81218476,240.5606288,5.083698833,103.7170418,2.191822523,,,,,,,,,,,,112.56,6.96,0.061833689,,,4.3,0.0382,62.32,0.554,303.65,2.7,41.63,0.3699,1.37,0.0122,322.51,2.87,4.82,0.0428,14.25,0.127,,,11.63,0.103353238,,May be a hybrid,,
temi,normal,tn,TN3,M,tn-male,108.4,22.1,60,0.73,1.734,105.8,1.31,0.012381853,0.972794118,0.009194651,16.23794212,0.153477714,919.0240086,8.686427302,81.18971061,0.767388569,10.06752412,0.095156183,1842.465166,17.41460459,134.2352269,1.268763959,102.6366559,0.970100717,48.87,4.21,0.08614692,10.41,0.213014119,0.02,0.000409249,1.82,0.037241662,6.82,0.139553919,115.04,3.98,0.034596662,0.66,0.0057,3.56,0.0309,76.07,0.661,193.35,1.68,27.6,0.2399,1.51,0.0131,337.27,2.93,5.99,0.0521,12.22,0.106,,,11.98,0.10414384,"Freshly dead when sampled, parasitized",,,
temi,normal,tn,TN4,M,tn-male,130.5,24.7,90,0.97,2.739,84,1.31,0.015595238,2.120588235,0.025245098,31.50160772,0.375019139,1053.080386,12.53667126,159.1318328,1.894426581,36.6977492,0.436877967,2899.013934,34.51207064,276.3701322,3.290120621,184.5659164,2.19721329,77.96,1.02,0.013083633,15.52,0.199076449,0,0,2.24,0.028732683,4.47,0.057337096,114.76,6.28,0.0547229,2.17,0.0189,3.26,0.0284,51.58,0.449,619.61,5.4,37.29,0.3249,1.45,0.0126,341.64,2.98,3.34,0.0291,11.58,0.101,,,12.24,0.106667459,"large spleen, parasitized",,,
temi,normal,tn,TN5,M,tn-male,94.4,21.3,80,0.51,3.379,115.04,2.33,0.020253825,1.986558824,0.017268418,32.41093248,0.2817362,949.6355841,8.254829486,185.8703108,1.615701589,25.01725616,0.217465718,3650.289389,31.73061013,245.5305466,2.134305864,128.0257235,1.112880072,75.08,2.61,0.03476292,13.38,0.178209909,0.16,0.00213106,1.94,0.025839105,16.08,0.21417155,142.44,4.51,0.031662454,1.54,0.0108,3.75,0.0263,64.47,0.453,573.47,4.03,39.85,0.2798,1.87,0.0132,517.65,3.63,4.6,0.0323,15.26,0.107,3.13,0.022,16.1,0.113061651,,May be a hybrid,,
temi,normal,tn,TN6,M,tn-male,118.2,22.2,90,0.97,3.526,,,,,,,,,,,,,,,,,,,,,,,,,,,,,,,128.88,5.29,0.041045934,1.05,0.0081,3.24,0.0251,61.98,0.481,384.07,2.98,34.47,0.2674,1.95,0.0151,599.65,4.65,6.25,0.0485,17.37,0.135,1.71,0.0133,18.69,0.145031346,,,,
temi,normal,tn,TN7,F,tn-female,101.6,21.9,50,0.51,1.919,84.76,1.36,0.016045304,1.966176471,0.023196985,20.68167203,0.244002737,894.4426581,10.55265052,424.4489818,5.007656699,30.00771704,0.354031584,3514.648446,41.46588539,262.6109325,3.098288491,238.2700965,2.811114871,102.68,1.78,0.017335411,12.29,0.119692248,0.05,0.00048695,2.25,0.021912739,19.55,0.190397351,139.16,6.86,0.049295775,1.98,0.0142,2.93,0.021,71.78,0.516,299.26,2.15,32.73,0.2352,1.85,0.0133,572.86,4.12,5.63,0.0405,11.19,0.08,2.77,0.0199,17.58,0.126332178,,May be a hybrid,,
temi,normal,tn,TN8,M,tn-male,189.4,24.8,120,1.24,2.709,140.88,1.81,0.012847814,1.231598529,0.008742181,28.17824223,0.200015916,1025.659164,7.280374532,201.3504823,1.429233974,41.35262594,0.293530849,3290.889603,23.35952302,313.85209,2.227797345,207.073955,1.469860555,88.2,0.78,0.008843537,16.72,0.189569161,0,0,1.81,0.020521542,13.16,0.149206349,147.84,5.11,0.034564394,1.62,0.011,5.15,0.0348,75.04,0.508,396.38,2.68,29.86,0.202,1.51,0.0102,324.15,2.19,3.9,0.0264,11.14,0.075,,,15.92,0.107698772,,,,
temi,normal,tn,TN9,F,tn-female,112.9,22.8,80,1.16,3.667,108.24,1.44,0.013303769,1.875588235,0.017328051,27.46377278,0.253730347,1023.901393,9.459547238,209.4694534,1.935231462,35.79383708,0.330689552,3274.651661,30.25361845,282.3008217,2.608100718,194.9196141,1.800809443,,,,,,,,,,,,,,,,,,,,,,,,,,,,,,,,,,,,,parasitized,May be a hybrid,,
